128	 128
176	176	176	176	176	176	176	176	176	176	176	176	176	176	176	176	176	176	176	176	176	176	176	176	176	176	176	176	176	176	176	176	176	176	176	176	176	176	176	176	176	176	176	176	176	0	0	0	0	0	0	18	35	50	65	79	92	105	117	129	140	151	161	171	180	189	197	204	212	218	225	230	235	239	243	246	247	248	247	245	240	231	208	176	176	176	176	176	176	176	176	176	176	176	176	176	176	176	176	176	176	176	176	176	176	176	176	176	176	176	176	176	176	176	176	176	176	176	176	176	176	176	176	176	176	176	176	176	
176	176	176	176	176	176	176	176	176	176	176	176	176	176	176	176	176	176	176	176	176	176	176	176	176	176	176	176	176	176	176	176	176	176	176	176	176	176	176	176	176	176	176	176	176	0	0	0	0	0	0	17	33	49	64	78	91	104	116	128	139	150	160	169	179	187	195	203	210	217	223	229	233	238	241	244	246	246	245	242	237	227	176	176	176	176	176	176	176	176	176	176	176	176	176	176	176	176	176	176	176	176	176	176	176	176	176	176	176	176	176	176	176	176	176	176	176	176	176	176	176	176	176	176	176	176	176	176	
176	176	176	176	176	176	176	176	176	176	176	176	176	176	176	176	176	176	176	176	176	176	176	176	176	176	176	176	176	176	176	176	176	176	176	176	176	176	176	176	176	176	176	176	176	176	0	0	0	0	0	15	31	47	62	76	90	102	115	126	138	148	158	168	177	186	194	202	209	215	221	227	232	236	239	242	243	244	243	239	233	221	176	176	176	176	176	176	176	176	176	176	176	176	176	176	176	176	176	176	176	176	176	176	176	176	176	176	176	176	176	176	176	176	176	176	176	176	176	176	176	176	176	176	176	176	176	176	
176	176	176	176	176	176	176	176	176	176	176	176	176	176	176	176	176	176	176	176	176	176	176	176	176	176	176	176	176	176	176	176	176	176	176	176	176	176	176	176	176	176	176	176	176	176	0	0	0	0	0	12	29	45	60	74	88	101	113	125	136	147	157	166	176	184	192	200	207	214	220	225	230	234	237	240	241	241	240	236	229	213	176	176	176	176	176	176	176	176	176	176	176	176	176	176	176	176	176	176	176	176	176	176	176	176	176	176	176	176	176	176	176	176	176	176	176	176	176	176	176	176	176	176	176	176	176	176	
176	176	176	176	176	176	176	176	176	176	176	176	176	176	176	176	176	176	176	176	176	176	176	176	176	176	176	176	176	176	176	176	176	176	176	176	176	176	176	176	176	176	176	176	176	176	0	0	0	0	0	9	26	42	58	72	86	99	111	123	134	145	155	165	174	183	191	199	206	213	219	224	229	233	236	238	239	239	237	233	224	199	176	176	176	176	176	176	176	176	176	176	176	176	176	176	176	176	176	176	176	176	176	176	176	176	176	176	176	176	176	176	176	176	176	176	176	176	176	176	176	176	176	176	176	176	176	176	
176	176	176	176	176	176	176	176	176	176	176	176	176	176	176	176	176	176	176	176	176	176	176	176	176	176	176	176	176	176	176	176	176	176	176	176	176	176	176	176	176	176	176	176	176	176	0	0	0	0	0	6	23	40	55	70	84	97	109	121	133	144	154	164	173	182	190	198	205	212	218	223	228	231	235	237	237	237	234	229	218	176	176	176	176	176	176	176	176	176	176	176	176	176	176	176	176	176	176	176	176	176	176	176	176	176	176	176	176	176	176	176	176	176	176	176	176	176	176	176	176	176	176	176	176	176	176	176	
176	176	176	176	176	176	176	176	176	176	176	176	176	176	176	176	176	176	176	176	176	176	176	176	176	176	176	176	176	176	176	176	176	176	176	176	176	176	176	176	176	176	176	176	176	176	176	0	0	0	0	2	20	37	52	67	81	95	108	120	131	142	153	163	172	181	189	197	204	211	217	222	227	231	234	235	236	235	232	225	210	176	176	176	176	176	176	176	176	176	176	176	176	176	176	176	176	176	176	176	176	176	176	176	176	176	176	176	176	176	176	176	176	176	176	176	176	176	176	176	176	176	176	176	176	176	176	176	
176	176	176	176	176	176	176	176	176	176	176	176	176	176	176	176	176	176	176	176	176	176	176	176	176	176	176	176	176	176	176	176	176	176	176	176	176	176	176	176	176	176	176	176	176	176	176	0	0	0	0	0	16	33	49	65	79	93	106	118	130	141	152	162	172	181	189	197	204	211	217	222	227	230	233	235	235	233	229	221	196	176	176	176	176	176	176	176	176	176	176	176	176	176	176	176	176	176	176	176	176	176	176	176	176	176	176	176	176	176	176	176	176	176	176	176	176	176	176	176	176	176	176	176	176	176	176	176	
176	176	176	176	176	176	176	176	176	176	176	176	176	176	176	176	176	176	176	176	176	176	176	176	176	176	176	176	176	176	176	176	176	176	176	176	176	176	176	176	176	176	176	176	176	176	176	0	0	0	0	0	12	30	46	62	77	91	104	117	129	141	151	162	171	181	189	197	204	211	217	222	227	231	233	234	234	232	227	216	176	176	176	176	176	176	176	176	176	176	176	176	176	176	176	176	176	176	176	176	176	176	176	176	176	176	176	176	176	176	176	176	176	176	176	176	176	176	176	176	176	176	176	176	176	176	176	176	
176	176	176	176	176	176	176	176	176	176	176	176	176	176	176	176	176	176	176	176	176	176	176	176	176	176	176	176	176	176	176	176	176	176	176	176	176	176	176	176	176	176	176	176	176	176	176	176	0	0	0	0	7	26	43	60	75	89	103	116	128	140	151	162	172	181	189	198	205	212	218	223	228	231	233	234	234	231	224	208	176	176	176	176	176	176	176	176	176	176	176	176	176	176	176	176	176	176	176	176	176	176	176	176	176	176	176	176	176	176	176	176	176	176	176	176	176	176	176	176	176	176	176	176	176	176	176	176	
176	176	176	176	176	176	176	176	176	176	176	176	176	176	176	176	176	176	176	176	176	176	176	176	176	176	176	176	176	176	176	176	176	176	176	176	176	176	176	176	176	176	176	176	176	176	176	176	0	0	0	0	3	22	40	57	73	87	102	115	128	140	151	162	172	181	190	198	206	213	219	224	229	232	234	235	234	230	221	194	176	176	176	176	176	176	176	176	176	176	176	176	176	176	176	176	176	176	176	176	176	176	176	176	176	176	176	176	176	176	176	176	176	176	176	176	176	176	176	176	176	176	176	176	176	176	176	176	
176	176	176	176	176	176	176	176	176	176	176	176	176	176	176	176	176	176	176	176	176	176	176	176	176	176	176	176	176	176	176	176	176	176	176	176	176	176	176	176	176	176	176	176	176	176	176	176	0	0	0	0	0	18	37	54	70	86	100	114	127	139	151	162	172	182	191	199	207	214	220	225	230	233	235	235	234	229	217	176	176	176	176	176	176	176	176	176	176	176	176	176	176	176	176	176	176	176	176	176	176	176	176	176	176	176	176	176	176	176	176	176	176	176	176	176	176	176	176	176	176	176	176	176	176	176	176	176	
176	176	176	176	176	176	176	176	176	176	176	176	176	176	176	176	176	176	176	176	176	176	176	176	176	176	176	176	176	176	176	176	176	176	176	176	176	176	176	176	176	176	176	176	176	176	176	176	176	0	0	0	0	14	33	51	68	84	99	113	127	139	151	163	173	183	192	201	209	216	222	227	231	234	236	236	234	227	212	176	176	176	176	176	176	176	176	176	176	176	176	176	176	176	176	176	176	176	176	176	176	176	176	176	176	176	176	176	176	176	176	176	176	176	176	176	176	176	176	176	176	176	176	176	176	176	176	176	
176	176	176	176	176	176	176	176	176	176	176	176	176	176	176	176	176	176	176	176	176	176	176	176	176	176	176	176	176	176	176	176	176	176	176	176	176	176	176	176	176	176	176	176	176	176	176	176	176	0	0	0	0	9	30	48	66	82	98	112	126	139	152	163	174	184	194	202	210	217	224	229	233	236	237	237	234	226	203	176	176	176	176	176	176	176	176	176	176	176	176	176	176	176	176	176	176	176	176	176	176	176	176	176	176	176	176	176	176	176	176	176	176	176	176	176	176	176	176	176	176	176	176	176	176	176	176	176	
176	176	176	176	176	176	176	176	176	176	176	176	176	176	176	176	176	176	176	176	176	176	176	176	176	176	176	176	176	176	176	176	176	176	176	176	176	176	176	176	176	176	176	176	176	176	176	176	176	0	0	0	0	5	26	45	64	81	97	112	126	139	152	164	175	186	195	204	212	219	226	231	235	238	239	238	234	224	176	176	176	176	176	176	176	176	176	176	176	176	176	176	176	176	176	176	176	176	176	176	176	176	176	176	176	176	176	176	176	176	176	176	176	176	176	176	176	176	176	176	176	176	176	176	176	176	176	176	
176	176	176	176	176	176	176	176	176	176	176	176	176	176	176	176	176	176	176	176	176	176	176	176	176	176	176	176	176	176	176	176	176	176	176	176	176	176	176	176	176	176	176	176	176	176	176	176	176	176	0	0	0	1	22	43	61	79	96	111	126	140	153	165	176	187	197	206	214	221	228	233	237	240	241	239	234	222	176	176	176	176	176	176	176	176	176	176	176	176	176	176	176	176	176	176	176	176	176	176	176	176	176	176	176	176	176	176	176	176	176	176	176	176	176	176	176	176	176	176	176	176	176	176	176	176	176	176	
176	176	176	176	176	176	176	176	176	176	176	176	176	176	176	176	176	176	176	176	176	176	176	176	176	176	176	176	176	176	176	176	176	176	176	176	176	176	176	176	176	176	176	176	176	176	176	176	176	176	0	0	0	0	19	40	59	78	95	111	126	140	153	166	177	188	198	208	216	223	230	235	239	242	242	240	234	219	176	176	176	176	176	176	176	176	176	176	176	176	176	176	176	176	176	176	176	176	176	176	176	176	176	176	176	176	176	176	176	176	176	176	176	176	176	176	176	176	176	176	176	176	176	176	176	176	176	176	
176	176	176	176	176	176	176	176	176	176	176	176	176	176	176	176	176	176	176	176	176	176	176	176	176	176	176	176	176	176	176	176	176	176	176	176	176	176	176	176	176	176	176	176	176	176	176	176	176	176	0	0	0	0	16	37	57	76	94	110	125	140	154	167	179	190	200	209	218	225	232	237	241	243	244	241	234	214	176	176	176	176	176	176	176	176	176	176	176	176	176	176	176	176	176	176	176	176	176	176	176	176	176	176	176	176	176	176	176	176	176	176	176	176	176	176	176	176	176	176	176	176	176	176	176	176	176	176	
176	176	176	176	176	176	176	176	176	176	176	176	176	176	176	176	176	176	176	176	176	176	176	176	176	176	176	176	176	176	176	176	176	176	176	176	176	176	176	176	176	176	176	176	176	176	176	176	176	176	0	0	0	0	13	35	56	75	93	110	125	140	154	167	180	191	201	211	220	227	234	239	243	245	245	242	234	205	176	176	176	176	176	176	176	176	176	176	176	176	176	176	176	176	176	176	176	176	176	176	176	176	176	176	176	176	176	176	176	176	176	176	176	176	176	176	176	176	176	176	176	176	176	176	176	176	176	176	
176	176	176	176	176	176	176	176	176	176	176	176	176	176	176	176	176	176	176	176	176	176	176	176	176	176	176	176	176	176	176	176	176	176	176	176	176	176	176	176	176	176	176	176	176	176	176	176	176	176	0	0	0	0	10	33	54	74	92	109	125	141	155	168	181	192	203	213	221	229	235	241	244	246	246	243	233	176	176	176	176	176	176	176	176	176	176	176	176	176	176	176	176	176	176	176	176	176	176	176	176	176	176	176	176	176	176	176	176	176	176	176	176	176	176	176	176	176	176	176	176	176	176	176	176	176	176	176	
176	176	176	176	176	176	176	176	176	176	176	176	176	176	176	176	176	176	176	176	176	176	176	176	176	176	176	176	176	176	176	176	176	176	176	176	176	176	176	176	176	176	176	176	176	176	176	176	176	176	176	0	0	0	8	31	53	73	91	109	125	141	155	169	181	193	204	214	223	230	237	242	246	248	247	243	233	176	176	176	176	176	176	176	176	176	176	176	176	176	176	176	176	176	176	176	176	176	176	176	176	176	176	176	176	176	176	176	176	176	176	176	176	176	176	176	176	176	176	176	176	176	176	176	176	176	176	176	
176	176	176	176	176	176	176	176	176	176	176	176	176	176	176	176	176	176	176	176	176	176	176	176	176	176	176	176	176	176	176	176	176	176	176	176	176	176	176	176	176	176	176	176	176	176	176	176	176	176	176	0	0	0	6	30	51	72	91	109	125	141	156	169	182	194	205	215	224	231	238	243	247	249	248	243	233	176	176	176	176	176	176	176	176	176	176	176	176	176	176	176	176	176	176	176	176	176	176	176	176	176	176	176	176	176	176	176	176	176	176	176	176	176	176	176	176	176	176	176	176	176	176	176	176	176	176	176	
176	176	176	176	176	176	176	176	176	176	176	176	176	176	176	176	176	176	176	176	176	176	176	176	176	176	176	176	176	176	176	176	176	176	176	176	176	176	176	176	176	176	176	176	176	176	176	176	176	176	176	0	0	0	4	29	51	71	90	108	125	141	156	170	182	194	205	215	224	232	239	244	248	249	248	244	232	176	176	176	176	176	176	176	176	176	176	176	176	176	176	176	176	176	176	176	176	176	176	176	176	176	176	176	176	176	176	176	176	176	176	176	176	176	176	176	176	176	176	176	176	176	176	176	176	176	176	176	
176	176	176	176	176	176	176	176	176	176	176	176	176	176	176	176	176	176	176	176	176	176	176	176	176	176	176	176	176	176	176	176	176	176	176	176	176	176	176	176	176	176	176	176	176	176	176	176	176	176	176	0	0	0	4	28	50	71	90	108	125	141	156	170	183	195	206	216	225	232	239	244	248	249	248	244	232	176	176	176	176	176	176	176	176	176	176	176	176	176	176	176	176	176	176	176	176	176	176	176	176	176	176	176	176	176	176	176	176	176	176	176	176	176	176	176	176	176	176	176	176	176	176	176	176	176	176	176	
176	176	176	176	176	176	176	176	176	176	176	176	176	176	176	176	176	176	176	176	176	176	176	176	176	176	176	176	176	176	176	176	176	176	176	176	176	176	176	176	176	176	176	176	176	176	176	176	176	176	176	0	0	0	4	28	50	71	90	108	125	141	156	170	183	195	206	216	225	232	239	244	248	249	248	243	232	176	176	176	176	176	176	176	176	176	176	176	176	176	176	176	176	176	176	176	176	176	176	176	176	176	176	176	176	176	176	176	176	176	176	176	176	176	176	176	176	176	176	176	176	176	176	176	176	176	176	176	
176	176	176	176	176	176	176	176	176	176	176	176	176	176	176	176	176	176	176	176	176	176	176	176	176	176	176	176	176	176	176	176	176	176	176	176	176	176	176	176	176	176	176	176	176	176	176	176	176	176	176	0	0	0	4	28	50	71	90	108	125	141	155	169	182	194	205	215	224	232	238	244	247	249	248	243	232	176	176	176	176	176	176	176	176	176	176	176	176	176	176	176	176	176	176	176	176	176	176	176	176	176	176	176	176	176	176	176	176	176	176	176	176	176	176	176	176	176	176	176	176	176	176	176	176	176	176	176	
176	176	176	176	176	176	176	176	176	176	176	176	176	176	176	176	176	176	176	176	176	176	176	176	176	176	176	176	176	176	176	176	176	176	176	176	176	176	176	176	176	176	176	176	176	176	176	176	176	176	176	0	0	0	5	29	51	71	90	108	125	140	155	169	182	193	204	214	223	231	237	243	246	248	247	243	232	176	176	176	176	176	176	176	176	176	176	176	176	176	176	176	176	176	176	176	176	176	176	176	176	176	176	176	176	176	176	176	176	176	176	176	176	176	176	176	176	176	176	176	176	176	176	176	176	176	176	176	
176	176	176	176	176	176	176	176	176	176	176	176	176	176	176	176	176	176	176	176	176	176	176	176	176	176	176	176	176	176	176	176	176	176	176	176	176	176	176	176	176	176	176	176	176	176	176	176	176	176	176	0	0	0	7	30	52	72	91	108	125	140	155	168	181	192	203	213	222	230	236	241	245	247	246	242	232	176	176	176	176	176	176	176	176	176	176	176	176	176	176	176	176	176	176	176	176	176	176	176	176	176	176	176	176	176	176	176	176	176	176	176	176	176	176	176	176	176	176	176	176	176	176	176	176	176	176	176	
176	176	176	176	176	176	176	176	176	176	176	176	176	176	176	176	176	176	176	176	176	176	176	176	176	176	176	176	176	176	176	176	176	176	176	176	176	176	176	176	176	176	176	176	176	176	176	176	176	176	0	0	0	0	9	32	53	73	91	108	125	140	154	167	180	191	202	211	220	228	234	239	243	245	245	241	232	199	176	176	176	176	176	176	176	176	176	176	176	176	176	176	176	176	176	176	176	176	176	176	176	176	176	176	176	176	176	176	176	176	176	176	176	176	176	176	176	176	176	176	176	176	176	176	176	176	176	176	
176	176	176	176	176	176	176	176	176	176	176	176	176	176	176	176	176	176	176	176	176	176	176	176	176	176	176	176	176	176	176	176	176	176	176	176	176	176	176	176	176	176	176	176	176	176	176	176	176	176	0	0	0	0	12	34	55	74	92	109	124	139	153	166	178	190	200	210	218	226	232	237	241	243	243	240	232	210	176	176	176	176	176	176	176	176	176	176	176	176	176	176	176	176	176	176	176	176	176	176	176	176	176	176	176	176	176	176	176	176	176	176	176	176	176	176	176	176	176	176	176	176	176	176	176	176	176	176	
176	176	176	176	176	176	176	176	176	176	176	176	176	176	176	176	176	176	176	176	176	176	176	176	176	176	176	176	176	176	176	176	176	176	176	176	176	176	176	176	176	176	176	176	176	176	176	176	176	176	0	0	0	0	15	37	57	75	93	109	124	139	152	165	177	188	198	207	216	223	230	235	239	241	241	239	232	215	176	176	176	176	176	176	176	176	176	176	176	176	176	176	176	176	176	176	176	176	176	176	176	176	176	176	176	176	176	176	176	176	176	176	176	176	176	176	176	176	176	176	176	176	176	176	176	176	176	176	
176	176	176	176	176	176	176	176	176	176	176	176	176	176	176	176	176	176	176	176	176	176	176	176	176	176	176	176	176	176	176	176	176	176	176	176	176	176	176	176	176	176	176	176	176	176	176	176	176	176	0	0	0	0	19	39	59	77	93	109	124	138	151	164	175	186	196	205	213	221	227	232	236	239	239	237	232	218	176	176	176	176	176	176	176	176	176	176	176	176	176	176	176	176	176	176	176	176	176	176	176	176	176	176	176	176	176	176	176	176	176	176	176	176	176	176	176	176	176	176	176	176	176	176	176	176	176	176	
176	176	176	176	176	176	176	176	176	176	176	176	176	176	176	176	176	176	176	176	176	176	176	176	176	176	176	176	176	176	176	176	176	176	176	176	176	176	176	176	176	176	176	176	176	176	176	176	176	176	0	0	0	1	22	42	61	78	94	110	124	138	150	162	174	184	194	203	211	218	224	229	233	236	237	236	231	221	176	176	176	176	176	176	176	176	176	176	176	176	176	176	176	176	176	176	176	176	176	176	176	176	176	176	176	176	176	176	176	176	176	176	176	176	176	176	176	176	176	176	176	176	176	176	176	176	176	176	
176	176	176	176	176	176	176	176	176	176	176	176	176	176	176	176	176	176	176	176	176	176	176	176	176	176	176	176	176	176	176	176	176	176	176	176	176	176	176	176	176	176	176	176	176	176	176	176	176	0	0	0	0	6	26	45	63	80	95	110	124	137	149	161	172	182	191	200	208	215	221	226	231	233	235	234	230	222	201	176	176	176	176	176	176	176	176	176	176	176	176	176	176	176	176	176	176	176	176	176	176	176	176	176	176	176	176	176	176	176	176	176	176	176	176	176	176	176	176	176	176	176	176	176	176	176	176	176	
176	176	176	176	176	176	176	176	176	176	176	176	176	176	176	176	176	176	176	176	176	176	176	176	176	176	176	176	176	176	176	176	176	176	176	176	176	176	176	176	176	176	176	176	176	176	176	176	176	0	0	0	0	11	30	48	65	81	96	110	124	136	148	159	170	180	189	197	205	212	218	223	228	231	232	232	229	223	209	176	176	176	176	176	176	176	176	176	176	176	176	176	176	176	176	176	176	176	176	176	176	176	176	176	176	176	176	176	176	176	176	176	176	176	176	176	176	176	176	176	176	176	176	176	176	176	176	176	
176	176	176	176	176	176	176	176	176	176	176	176	176	176	176	176	176	176	176	176	176	176	176	176	176	176	176	176	176	176	176	176	176	176	176	176	176	176	176	176	176	176	176	176	176	176	176	176	176	0	0	0	0	15	34	51	67	83	97	111	123	136	147	158	168	178	187	195	202	209	215	220	224	228	229	230	228	223	213	176	176	176	176	176	176	176	176	176	176	176	176	176	176	176	176	176	176	176	176	176	176	176	176	176	176	176	176	176	176	176	176	176	176	176	176	176	176	176	176	176	176	176	176	176	176	176	176	176	
176	176	176	176	176	176	176	176	176	176	176	176	176	176	176	176	176	176	176	176	176	176	176	176	176	176	176	176	176	176	176	176	176	176	176	176	176	176	176	176	176	176	176	176	176	176	176	176	0	0	0	0	1	20	38	54	70	84	98	111	123	135	146	156	166	176	184	192	199	206	212	217	221	225	227	227	226	223	215	198	176	176	176	176	176	176	176	176	176	176	176	176	176	176	176	176	176	176	176	176	176	176	176	176	176	176	176	176	176	176	176	176	176	176	176	176	176	176	176	176	176	176	176	176	176	176	176	176	
176	176	176	176	176	176	176	176	176	176	176	176	176	176	176	176	176	176	176	176	176	176	176	176	176	176	176	176	176	176	176	176	176	176	176	176	176	176	176	176	176	176	176	176	176	176	176	176	0	0	0	0	7	25	42	57	72	86	99	111	123	134	145	155	165	173	182	190	197	203	209	214	218	222	224	225	225	222	217	205	176	176	176	176	176	176	176	176	176	176	176	176	176	176	176	176	176	176	176	176	176	176	176	176	176	176	176	176	176	176	176	176	176	176	176	176	176	176	176	176	176	176	176	176	176	176	176	176	
176	176	176	176	176	176	176	176	176	176	176	176	176	176	176	176	176	176	176	176	176	176	176	176	176	176	176	176	176	176	176	176	176	176	176	176	176	176	176	176	176	176	176	176	176	176	176	0	0	0	0	0	13	29	45	60	74	87	100	112	123	134	144	154	163	171	179	187	194	200	206	211	215	219	221	223	223	221	217	209	190	176	176	176	176	176	176	176	176	176	176	176	176	176	176	176	176	176	176	176	176	176	176	176	176	176	176	176	176	176	176	176	176	176	176	176	176	176	176	176	176	176	176	176	176	176	176	176	
176	176	176	176	176	176	176	176	176	176	176	176	176	176	176	176	176	176	176	176	176	176	176	176	176	176	176	176	176	176	176	176	176	176	176	176	176	176	176	176	176	176	176	176	176	176	176	0	0	0	0	1	18	34	49	63	76	89	101	112	123	133	143	152	161	169	177	185	191	197	203	208	212	216	219	220	221	220	217	211	199	176	176	176	176	176	176	176	176	176	176	176	176	176	176	176	176	176	176	176	176	176	176	176	176	176	176	176	176	176	176	176	176	176	176	176	176	176	176	176	176	176	176	176	176	176	176	176	
176	176	176	176	176	176	176	176	176	176	176	176	176	176	176	176	176	176	176	176	176	176	176	176	176	176	176	176	176	176	176	176	176	176	176	176	176	176	176	176	176	176	176	176	176	176	0	0	0	0	0	7	23	38	52	65	78	90	102	113	123	133	142	151	160	168	175	182	189	195	200	205	210	213	216	218	219	219	217	212	204	186	176	176	176	176	176	176	176	176	176	176	176	176	176	176	176	176	176	176	176	176	176	176	176	176	176	176	176	176	176	176	176	176	176	176	176	176	176	176	176	176	176	176	176	176	176	176	
176	176	176	176	176	176	176	176	176	176	176	176	176	176	176	176	176	176	176	176	176	176	176	176	176	176	176	176	176	176	176	176	176	176	176	176	176	176	176	176	176	176	176	176	176	176	0	0	0	0	0	13	28	42	55	68	80	92	102	113	123	132	141	150	158	166	173	180	186	192	198	203	207	211	213	216	217	217	216	213	207	196	176	176	176	176	176	176	176	176	176	176	176	176	176	176	176	176	176	176	176	176	176	176	176	176	176	176	176	176	176	176	176	176	176	176	176	176	176	176	176	176	176	176	176	176	176	176	
176	176	176	176	176	176	176	176	176	176	176	176	176	176	176	176	176	176	176	176	176	176	176	176	176	176	176	176	176	176	176	176	176	176	176	176	176	176	176	176	176	176	176	176	176	0	0	0	0	0	3	18	32	46	58	70	82	93	103	113	123	132	141	149	157	164	171	178	184	190	195	200	204	208	211	213	215	216	215	213	209	201	184	176	176	176	176	176	176	176	176	176	176	176	176	176	176	176	176	176	176	176	176	176	176	176	176	176	176	176	176	176	176	176	176	176	176	176	176	176	176	176	176	176	176	176	176	176	
176	176	176	176	176	176	176	176	176	176	176	176	176	176	176	176	176	176	176	176	176	176	176	176	176	176	176	176	176	176	176	176	176	176	176	176	176	176	176	176	176	176	176	176	176	0	0	0	0	0	9	23	36	49	61	73	84	94	104	114	123	132	140	148	156	163	170	176	182	188	193	198	202	206	209	211	213	214	214	213	210	204	194	176	176	176	176	176	176	176	176	176	176	176	176	176	176	176	176	176	176	176	176	176	176	176	176	176	176	176	176	176	176	176	176	176	176	176	176	176	176	176	176	176	176	176	176	176	
176	176	176	176	176	176	176	176	176	176	176	176	176	176	176	176	176	176	176	176	176	176	176	176	176	176	176	176	176	176	176	176	176	176	176	176	176	176	176	176	176	176	176	176	0	0	0	0	0	0	14	28	40	53	64	75	86	96	105	114	123	132	140	147	155	162	168	175	180	186	191	196	200	204	207	209	211	212	213	212	210	206	199	185	176	176	176	176	176	176	176	176	176	176	176	176	176	176	176	176	176	176	176	176	176	176	176	176	176	176	176	176	176	176	176	176	176	176	176	176	176	176	176	176	176	176	176	176	
176	176	176	176	176	176	176	176	176	176	176	176	176	176	176	176	176	176	176	176	176	176	176	176	176	176	176	176	176	176	176	176	176	176	176	176	176	176	176	176	176	176	176	0	0	0	0	0	0	6	19	32	44	56	67	77	87	97	106	115	123	132	139	147	154	161	167	173	179	184	189	194	198	202	205	207	210	211	212	211	210	207	202	193	172	176	176	176	176	176	176	176	176	176	176	176	176	176	176	176	176	176	176	176	176	176	176	176	176	176	176	176	176	176	176	176	176	176	176	176	176	176	176	176	176	176	176	176	
176	176	176	176	176	176	176	176	176	176	176	176	176	176	176	176	176	176	176	176	176	176	176	176	176	176	176	176	176	176	176	176	176	176	176	176	176	176	176	176	176	176	176	0	0	0	0	0	0	11	24	36	48	59	69	79	89	98	107	116	124	132	139	146	153	160	166	172	177	183	187	192	196	200	203	206	208	210	211	211	210	208	204	198	186	176	176	176	176	176	176	176	176	176	176	176	176	176	176	176	176	176	176	176	176	176	176	176	176	176	176	176	176	176	176	176	176	176	176	176	176	176	176	176	176	176	176	176	
176	176	176	176	176	176	176	176	176	176	176	176	176	176	176	176	176	176	176	176	176	176	176	176	176	176	176	176	176	176	176	176	176	176	176	176	176	176	176	176	176	176	0	0	0	0	0	0	4	17	29	40	51	62	72	81	91	99	108	116	124	132	139	146	152	159	165	171	176	181	186	190	194	198	201	204	207	208	210	210	210	208	206	201	193	178	176	176	176	176	176	176	176	176	176	176	176	176	176	176	176	176	176	176	176	176	176	176	176	176	176	176	176	176	176	176	176	176	176	176	176	176	176	176	176	176	176	176	
176	176	176	176	176	176	176	176	176	176	176	176	176	176	176	176	176	176	176	176	176	176	176	176	176	176	176	176	176	176	176	176	176	176	176	176	176	176	176	176	176	0	0	0	0	0	0	0	9	21	33	44	54	64	74	83	92	101	109	117	124	132	139	146	152	158	164	170	175	180	185	189	193	197	200	203	205	207	209	209	210	209	207	203	198	188	157	176	176	176	176	176	176	176	176	176	176	176	176	176	176	176	176	176	176	176	176	176	176	176	176	176	176	176	176	176	176	176	176	176	176	176	176	176	176	176	176	176	
176	176	176	176	176	176	176	176	176	176	176	176	176	176	176	176	176	176	176	176	176	176	176	176	176	176	176	176	176	176	176	176	176	176	176	176	176	176	176	176	176	0	0	0	0	0	0	2	14	26	37	47	57	67	76	85	94	102	110	118	125	132	139	145	152	158	163	169	174	179	184	188	192	195	199	202	204	206	208	209	209	209	208	205	201	194	182	176	176	176	176	176	176	176	176	176	176	176	176	176	176	176	176	176	176	176	176	176	176	176	176	176	176	176	176	176	176	176	176	176	176	176	176	176	176	176	176	176	
176	176	176	176	176	176	176	176	176	176	176	176	176	176	176	176	176	176	176	176	176	176	176	176	176	176	176	176	176	176	176	176	176	176	176	176	176	176	176	176	0	0	0	0	0	0	0	7	19	30	41	51	60	70	79	87	95	103	111	118	126	132	139	145	151	157	163	168	173	178	183	187	191	194	198	201	203	206	207	208	209	209	208	206	203	198	190	173	176	176	176	176	176	176	176	176	176	176	176	176	176	176	176	176	176	176	176	176	176	176	176	176	176	176	176	176	176	176	176	176	176	176	176	176	176	176	176	176	
176	176	176	176	176	176	176	176	176	176	176	176	176	176	176	176	176	176	176	176	176	176	176	176	176	176	176	176	176	176	176	176	176	176	176	176	176	176	176	176	0	0	0	0	0	0	1	12	24	34	44	54	63	72	81	89	97	105	112	119	126	133	139	145	151	157	163	168	173	178	182	186	190	194	197	200	203	205	207	208	209	209	209	208	205	201	195	185	176	176	176	176	176	176	176	176	176	176	176	176	176	176	176	176	176	176	176	176	176	176	176	176	176	176	176	176	176	176	176	176	176	176	176	176	176	176	176	176	
176	176	176	176	176	176	176	176	176	176	176	176	176	176	176	176	176	176	176	176	176	176	176	176	176	176	176	176	176	176	176	176	176	176	176	176	176	176	176	0	0	0	0	0	0	0	6	17	28	38	48	57	66	74	83	91	98	106	113	120	127	133	140	146	152	157	162	168	172	177	181	186	189	193	196	199	202	204	206	208	209	209	209	209	207	204	199	192	179	176	176	176	176	176	176	176	176	176	176	176	176	176	176	176	176	176	176	176	176	176	176	176	176	176	176	176	176	176	176	176	176	176	176	176	176	176	176	176	
176	176	176	176	176	176	176	176	176	176	176	176	176	176	176	176	176	176	176	176	176	176	176	176	176	176	176	176	176	176	176	176	176	176	176	176	176	176	0	0	0	0	0	0	0	0	11	21	32	41	51	60	68	77	85	93	100	107	114	121	128	134	140	146	152	157	162	167	172	177	181	185	189	193	196	199	202	204	206	208	209	210	210	210	208	206	203	197	189	170	176	176	176	176	176	176	176	176	176	176	176	176	176	176	176	176	176	176	176	176	176	176	176	176	176	176	176	176	176	176	176	176	176	176	176	176	176	176	
176	176	176	176	176	176	176	176	176	176	176	176	176	176	176	176	176	176	176	176	176	176	176	176	176	176	176	176	176	176	176	176	176	176	176	176	176	176	0	0	0	0	0	0	0	5	15	26	35	45	54	62	71	79	87	94	102	109	116	122	129	135	141	147	152	157	163	168	172	177	181	185	189	192	196	199	202	204	206	208	209	210	211	210	210	208	205	201	195	184	176	176	176	176	176	176	176	176	176	176	176	176	176	176	176	176	176	176	176	176	176	176	176	176	176	176	176	176	176	176	176	176	176	176	176	176	176	176	
176	176	176	176	176	176	176	176	176	176	176	176	176	176	176	176	176	176	176	176	176	176	176	176	176	176	176	176	176	176	176	176	176	176	176	176	176	0	0	0	0	0	0	0	0	9	20	29	39	48	57	65	73	81	89	96	103	110	117	123	130	136	142	147	153	158	163	168	172	177	181	185	189	192	196	199	202	204	206	208	210	211	211	211	211	210	208	204	199	192	177	176	176	176	176	176	176	176	176	176	176	176	176	176	176	176	176	176	176	176	176	176	176	176	176	176	176	176	176	176	176	176	176	176	176	176	176	176	
176	176	176	176	176	176	176	176	176	176	176	176	176	176	176	176	176	176	176	176	176	176	176	176	176	176	176	176	176	176	176	176	176	176	176	176	0	0	0	0	0	0	0	0	3	14	23	33	42	51	59	68	76	83	91	98	105	112	118	125	131	137	142	148	153	158	163	168	173	177	181	185	189	193	196	199	202	204	206	208	210	211	212	212	212	211	210	207	203	197	188	164	176	176	176	176	176	176	176	176	176	176	176	176	176	176	176	176	176	176	176	176	176	176	176	176	176	176	176	176	176	176	176	176	176	176	176	176	
176	176	176	176	176	176	176	176	176	176	176	176	176	176	176	176	176	176	176	176	176	176	176	176	176	176	176	176	176	176	176	176	176	176	176	176	0	0	0	0	0	0	0	0	8	18	27	36	45	54	62	70	78	85	93	100	107	113	120	126	132	138	143	149	154	159	164	169	173	178	182	186	189	193	196	199	202	205	207	209	211	212	213	213	213	213	212	210	207	202	195	183	176	176	176	176	176	176	176	176	176	176	176	176	176	176	176	176	176	176	176	176	176	176	176	176	176	176	176	176	176	176	176	176	176	176	176	176	
176	176	176	176	176	176	176	176	176	176	176	176	176	176	176	176	176	176	176	176	176	176	176	176	176	176	176	176	176	176	176	176	176	176	176	0	0	0	0	0	0	0	0	1	12	21	31	40	48	57	65	73	80	87	95	101	108	115	121	127	133	139	144	150	155	160	165	169	174	178	182	186	190	193	197	200	203	205	208	210	211	213	214	215	215	215	214	212	210	206	200	192	174	176	176	176	176	176	176	176	176	176	176	176	176	176	176	176	176	176	176	176	176	176	176	176	176	176	176	176	176	176	176	176	176	176	176	176	
176	176	176	176	176	176	176	176	176	176	176	176	176	176	176	176	176	176	176	176	176	176	176	176	176	176	176	176	176	176	176	176	176	176	176	0	0	0	0	0	0	0	0	6	15	25	34	43	51	59	67	75	82	90	97	103	110	116	122	128	134	140	145	151	156	161	166	170	175	179	183	187	191	194	197	200	203	206	208	210	212	214	215	216	216	216	216	214	212	209	205	198	188	176	176	176	176	176	176	176	176	176	176	176	176	176	176	176	176	176	176	176	176	176	176	176	176	176	176	176	176	176	176	176	176	176	176	176	
176	176	176	176	176	176	176	176	176	176	176	176	176	176	176	176	176	176	176	176	176	176	176	176	176	176	176	176	176	176	176	176	176	176	0	0	0	0	0	0	0	0	0	10	19	28	37	46	54	62	70	77	84	92	98	105	112	118	124	130	136	141	147	152	157	162	167	171	176	180	184	188	191	195	198	201	204	207	209	211	213	215	216	217	218	218	218	217	215	213	209	204	196	180	176	176	176	176	176	176	176	176	176	176	176	176	176	176	176	176	176	176	176	176	176	176	176	176	176	176	176	176	176	176	176	176	176	176	
176	176	176	176	176	176	176	176	176	176	176	176	176	176	176	176	176	176	176	176	176	176	176	176	176	176	176	176	176	176	176	176	176	176	0	0	0	0	0	0	0	0	3	13	22	31	40	49	57	64	72	79	87	94	100	107	113	119	126	131	137	143	148	153	158	163	168	172	177	181	185	189	192	196	199	202	205	208	210	212	214	216	218	219	219	220	220	219	218	216	213	208	202	192	176	176	176	176	176	176	176	176	176	176	176	176	176	176	176	176	176	176	176	176	176	176	176	176	176	176	176	176	176	176	176	176	176	176	
176	176	176	176	176	176	176	176	176	176	176	176	176	176	176	176	176	176	176	176	176	176	176	176	176	176	176	176	176	176	176	176	176	0	0	0	0	0	0	0	0	0	7	17	26	35	43	51	59	67	74	82	89	96	102	109	115	121	127	133	139	144	149	154	159	164	169	173	178	182	186	190	193	197	200	203	206	209	211	214	216	217	219	220	221	221	221	221	220	218	216	212	207	199	185	176	176	176	176	176	176	176	176	176	176	176	176	176	176	176	176	176	176	176	176	176	176	176	176	176	176	176	176	176	176	176	176	176	
176	176	176	176	176	176	176	176	176	176	176	176	176	176	176	176	176	176	176	176	176	176	176	176	176	176	176	176	176	176	176	176	176	0	0	0	0	0	0	0	0	1	10	20	29	37	46	54	62	69	77	84	91	98	104	111	117	123	129	134	140	145	151	156	161	166	170	175	179	183	187	191	195	198	201	205	207	210	213	215	217	219	220	222	223	223	223	223	222	221	219	216	211	205	195	176	176	176	176	176	176	176	176	176	176	176	176	176	176	176	176	176	176	176	176	176	176	176	176	176	176	176	176	176	176	176	176	176	
176	176	176	176	176	176	176	176	176	176	176	176	176	176	176	176	176	176	176	176	176	176	176	176	176	176	176	176	176	176	176	176	0	0	0	0	0	0	0	0	0	4	14	23	32	40	48	56	64	71	79	86	93	99	106	112	118	124	130	136	142	147	152	157	162	167	172	176	180	184	188	192	196	199	203	206	209	212	214	216	219	220	222	223	224	225	225	225	225	224	222	219	216	210	202	188	176	176	176	176	176	176	176	176	176	176	176	176	176	176	176	176	176	176	176	176	176	176	176	176	176	176	176	176	176	176	176	176	
176	176	176	176	176	176	176	176	176	176	176	176	176	176	176	176	176	176	176	176	176	176	176	176	176	176	176	176	176	176	176	176	0	0	0	0	0	0	0	0	0	7	17	26	34	43	51	59	66	74	81	88	95	101	108	114	120	126	132	138	143	148	154	159	164	168	173	177	182	186	190	194	197	201	204	207	210	213	216	218	220	222	224	225	226	227	228	228	227	226	225	223	219	215	208	198	176	176	176	176	176	176	176	176	176	176	176	176	176	176	176	176	176	176	176	176	176	176	176	176	176	176	176	176	176	176	176	176	
176	176	176	176	176	176	176	176	176	176	176	176	176	176	176	176	176	176	176	176	176	176	176	176	176	176	176	176	176	176	176	0	0	0	0	0	0	0	0	0	1	10	19	28	37	45	53	61	68	76	83	90	97	103	110	116	122	128	134	139	145	150	155	160	165	170	174	179	183	187	191	195	199	202	206	209	212	215	217	220	222	224	225	227	228	229	230	230	230	229	228	226	223	219	213	205	189	176	176	176	176	176	176	176	176	176	176	176	176	176	176	176	176	176	176	176	176	176	176	176	176	176	176	176	176	176	176	176	
176	176	176	176	176	176	176	176	176	176	176	176	176	176	176	176	176	176	176	176	176	176	176	176	176	176	176	176	176	176	176	0	0	0	0	0	0	0	0	0	3	13	22	31	39	47	55	63	70	78	85	92	98	105	111	118	124	129	135	141	146	152	157	162	167	171	176	180	185	189	193	197	200	204	207	210	213	216	219	221	223	225	227	229	230	231	232	232	232	231	230	228	226	223	218	211	199	176	176	176	176	176	176	176	176	176	176	176	176	176	176	176	176	176	176	176	176	176	176	176	176	176	176	176	176	176	176	176	
176	176	176	176	176	176	176	176	176	176	176	176	176	176	176	176	176	176	176	176	176	176	176	176	176	176	176	176	176	176	0	0	0	0	0	0	0	0	0	0	6	15	24	33	41	49	57	65	72	80	87	94	100	107	113	119	125	131	137	142	148	153	158	163	168	173	177	182	186	190	194	198	202	205	209	212	215	218	220	223	225	227	229	230	232	233	234	234	234	234	233	231	229	226	222	216	206	187	176	176	176	176	176	176	176	176	176	176	176	176	176	176	176	176	176	176	176	176	176	176	176	176	176	176	176	176	176	176	
176	176	176	176	176	176	176	176	176	176	176	176	176	176	176	176	176	176	176	176	176	176	176	176	176	176	176	176	176	176	0	0	0	0	0	0	0	0	0	0	8	18	27	35	43	51	59	67	74	81	88	95	102	108	115	121	127	133	138	144	149	155	160	165	170	174	179	183	188	192	196	199	203	207	210	213	216	219	222	224	227	229	231	232	234	235	236	236	236	236	235	234	232	229	225	220	212	199	176	176	176	176	176	176	176	176	176	176	176	176	176	176	176	176	176	176	176	176	176	176	176	176	176	176	176	176	176	176	
176	176	176	176	176	176	176	176	176	176	176	176	176	176	176	176	176	176	176	176	176	176	176	176	176	176	176	176	176	176	0	0	0	0	0	0	0	0	0	1	11	20	29	37	45	53	61	69	76	83	90	97	103	110	116	122	128	134	140	145	151	156	161	166	171	176	180	185	189	193	197	201	205	208	212	215	218	221	223	226	228	230	232	234	235	237	237	238	238	238	237	236	235	232	229	224	217	206	176	176	176	176	176	176	176	176	176	176	176	176	176	176	176	176	176	176	176	176	176	176	176	176	176	176	176	176	176	176	
176	176	176	176	176	176	176	176	176	176	176	176	176	176	176	176	176	176	176	176	176	176	176	176	176	176	176	176	176	0	0	0	0	0	0	0	0	0	0	3	13	22	30	39	47	55	63	70	78	85	92	98	105	111	118	124	130	136	141	147	152	157	163	167	172	177	182	186	190	194	198	202	206	210	213	216	219	222	225	227	230	232	234	236	237	238	239	240	240	240	240	239	237	235	232	227	221	212	193	176	176	176	176	176	176	176	176	176	176	176	176	176	176	176	176	176	176	176	176	176	176	176	176	176	176	176	176	176	
176	176	176	176	176	176	176	176	176	176	176	176	176	176	176	176	176	176	176	176	176	176	176	176	176	176	176	176	176	0	0	0	0	0	0	0	0	0	0	5	14	23	32	40	49	57	64	72	79	86	93	100	106	113	119	125	131	137	143	148	153	159	164	169	174	178	183	187	192	196	200	204	207	211	214	218	221	224	226	229	231	233	235	237	239	240	241	242	242	242	242	241	239	237	234	230	225	217	203	176	176	176	176	176	176	176	176	176	176	176	176	176	176	176	176	176	176	176	176	176	176	176	176	176	176	176	176	176	
176	176	176	176	176	176	176	176	176	176	176	176	176	176	176	176	176	176	176	176	176	176	176	176	176	176	176	176	176	0	0	0	0	0	0	0	0	0	0	7	16	25	34	42	50	58	66	73	80	87	94	101	108	114	120	126	132	138	144	149	155	160	165	170	175	179	184	188	193	197	201	205	209	212	216	219	222	225	228	230	233	235	237	239	240	241	243	243	244	244	243	243	241	239	237	233	228	221	209	176	176	176	176	176	176	176	176	176	176	176	176	176	176	176	176	176	176	176	176	176	176	176	176	176	176	176	176	176	
176	176	176	176	176	176	176	176	176	176	176	176	176	176	176	176	176	176	176	176	176	176	176	176	176	176	176	176	176	0	0	0	0	0	0	0	0	0	0	8	17	26	35	43	51	59	67	74	81	88	95	102	109	115	121	127	133	139	145	150	156	161	166	171	176	181	185	190	194	198	202	206	210	213	217	220	223	226	229	231	234	236	238	240	241	243	244	245	245	245	245	244	243	241	239	235	230	224	213	176	176	176	176	176	176	176	176	176	176	176	176	176	176	176	176	176	176	176	176	176	176	176	176	176	176	176	176	176	
176	176	176	176	176	176	176	176	176	176	176	176	176	176	176	176	176	176	176	176	176	176	176	176	176	176	176	176	0	0	0	0	0	0	0	0	0	0	0	9	19	27	36	44	52	60	68	75	82	89	96	103	110	116	122	128	134	140	146	151	157	162	167	172	177	181	186	190	195	199	203	207	211	214	218	221	224	227	230	232	235	237	239	241	243	244	245	246	246	247	246	246	245	243	241	237	233	226	217	197	176	176	176	176	176	176	176	176	176	176	176	176	176	176	176	176	176	176	176	176	176	176	176	176	176	176	176	176	
176	176	176	176	176	176	176	176	176	176	176	176	176	176	176	176	176	176	176	176	176	176	176	176	176	176	176	176	0	0	0	0	0	0	0	0	0	0	1	10	19	28	37	45	53	61	69	76	83	90	97	104	110	117	123	129	135	141	146	152	157	163	168	173	177	182	187	191	195	200	204	208	211	215	218	222	225	228	231	233	236	238	240	242	244	245	246	247	247	248	248	247	246	244	242	239	234	229	220	204	176	176	176	176	176	176	176	176	176	176	176	176	176	176	176	176	176	176	176	176	176	176	176	176	176	176	176	176	
176	176	176	176	176	176	176	176	176	176	176	176	176	176	176	176	176	176	176	176	176	176	176	176	176	176	176	176	0	0	0	0	0	0	0	0	0	0	2	11	20	29	38	46	54	62	69	77	84	91	98	104	111	117	124	130	136	141	147	153	158	163	168	173	178	183	187	192	196	200	204	208	212	216	219	222	225	228	231	234	236	239	241	243	244	246	247	248	248	249	248	248	247	245	243	240	236	230	222	208	176	176	176	176	176	176	176	176	176	176	176	176	176	176	176	176	176	176	176	176	176	176	176	176	176	176	176	176	
176	176	176	176	176	176	176	176	176	176	176	176	176	176	176	176	176	176	176	176	176	176	176	176	176	176	176	176	0	0	0	0	0	0	0	0	0	0	2	12	21	30	38	46	54	62	70	77	84	91	98	105	111	118	124	130	136	142	147	153	158	164	169	174	178	183	188	192	196	201	205	209	212	216	219	223	226	229	232	234	237	239	241	243	245	246	247	248	249	249	249	249	248	246	244	241	237	231	223	211	176	176	176	176	176	176	176	176	176	176	176	176	176	176	176	176	176	176	176	176	176	176	176	176	176	176	176	176	
176	176	176	176	176	176	176	176	176	176	176	176	176	176	176	176	176	176	176	176	176	176	176	176	176	176	176	176	0	0	0	0	0	0	0	0	0	0	3	12	21	30	38	47	55	62	70	77	85	92	98	105	112	118	124	130	136	142	148	153	158	164	169	174	179	183	188	192	197	201	205	209	213	216	220	223	226	229	232	235	237	239	241	243	245	246	248	249	249	249	249	249	248	246	244	241	237	232	224	212	176	176	176	176	176	176	176	176	176	176	176	176	176	176	176	176	176	176	176	176	176	176	176	176	176	176	176	176	
176	176	176	176	176	176	176	176	176	176	176	176	176	176	176	176	176	176	176	176	176	176	176	176	176	176	176	176	0	0	0	0	0	0	0	0	0	0	3	12	21	30	38	47	55	62	70	77	85	92	98	105	112	118	124	130	136	142	148	153	159	164	169	174	179	183	188	192	197	201	205	209	213	216	220	223	226	229	232	235	237	239	241	243	245	246	248	249	249	249	249	249	248	247	244	241	237	232	224	212	176	176	176	176	176	176	176	176	176	176	176	176	176	176	176	176	176	176	176	176	176	176	176	176	176	176	176	176	
176	176	176	176	176	176	176	176	176	176	176	176	176	176	176	176	176	176	176	176	176	176	176	176	176	176	176	176	0	0	0	0	0	0	0	0	0	0	3	12	21	30	38	47	55	62	70	77	84	92	98	105	112	118	124	130	136	142	148	153	158	164	169	174	179	183	188	192	197	201	205	209	212	216	219	223	226	229	232	234	237	239	241	243	245	246	247	248	249	249	249	249	248	246	244	241	237	232	224	212	176	176	176	176	176	176	176	176	176	176	176	176	176	176	176	176	176	176	176	176	176	176	176	176	176	176	176	176	
176	176	176	176	176	176	176	176	176	176	176	176	176	176	176	176	176	176	176	176	176	176	176	176	176	176	176	176	0	0	0	0	0	0	0	0	0	0	2	12	21	30	38	46	54	62	70	77	84	91	98	105	111	118	124	130	136	142	147	153	158	163	168	173	178	183	187	192	196	200	204	208	212	216	219	222	225	228	231	234	236	239	241	243	244	246	247	248	248	249	249	248	247	246	244	241	236	231	223	210	176	176	176	176	176	176	176	176	176	176	176	176	176	176	176	176	176	176	176	176	176	176	176	176	176	176	176	176	
176	176	176	176	176	176	176	176	176	176	176	176	176	176	176	176	176	176	176	176	176	176	176	176	176	176	176	176	0	0	0	0	0	0	0	0	0	0	2	11	20	29	38	46	54	62	69	77	84	91	98	104	111	117	123	129	135	141	147	152	158	163	168	173	178	182	187	191	196	200	204	208	211	215	218	222	225	228	231	233	236	238	240	242	244	245	246	247	248	248	248	247	246	245	243	240	235	230	222	207	176	176	176	176	176	176	176	176	176	176	176	176	176	176	176	176	176	176	176	176	176	176	176	176	176	176	176	176	
176	176	176	176	176	176	176	176	176	176	176	176	176	176	176	176	176	176	176	176	176	176	176	176	176	176	176	176	0	0	0	0	0	0	0	0	0	0	1	11	20	28	37	45	53	61	69	76	83	90	97	104	110	116	123	129	135	140	146	152	157	162	167	172	177	182	186	191	195	199	203	207	211	214	218	221	224	227	230	233	235	237	239	241	243	244	245	246	247	247	247	246	245	244	241	238	234	228	219	202	176	176	176	176	176	176	176	176	176	176	176	176	176	176	176	176	176	176	176	176	176	176	176	176	176	176	176	176	
176	176	176	176	176	176	176	176	176	176	176	176	176	176	176	176	176	176	176	176	176	176	176	176	176	176	176	176	0	0	0	0	0	0	0	0	0	0	0	10	19	28	36	44	52	60	68	75	82	89	96	103	109	116	122	128	134	140	145	151	156	161	166	171	176	181	185	190	194	198	202	206	210	213	217	220	223	226	229	232	234	236	238	240	242	243	244	245	246	246	246	245	244	242	240	237	232	226	216	180	176	176	176	176	176	176	176	176	176	176	176	176	176	176	176	176	176	176	176	176	176	176	176	176	176	176	176	176	
176	176	176	176	176	176	176	176	176	176	176	176	176	176	176	176	176	176	176	176	176	176	176	176	176	176	176	176	0	0	0	0	0	0	0	0	0	0	0	9	18	26	35	43	51	59	67	74	81	88	95	102	108	115	121	127	133	139	144	150	155	160	166	170	175	180	185	189	193	197	201	205	209	212	216	219	222	225	228	231	233	235	237	239	241	242	243	244	244	245	244	244	242	241	238	235	230	223	212	176	176	176	176	176	176	176	176	176	176	176	176	176	176	176	176	176	176	176	176	176	176	176	176	176	176	176	176	176	
176	176	176	176	176	176	176	176	176	176	176	176	176	176	176	176	176	176	176	176	176	176	176	176	176	176	176	176	176	0	0	0	0	0	0	0	0	0	0	7	16	25	34	42	50	58	66	73	80	87	94	101	107	114	120	126	132	138	143	149	154	159	165	169	174	179	183	188	192	196	200	204	208	211	215	218	221	224	227	229	232	234	236	238	239	241	242	242	243	243	243	242	241	239	236	232	227	220	207	176	176	176	176	176	176	176	176	176	176	176	176	176	176	176	176	176	176	176	176	176	176	176	176	176	176	176	176	176	
176	176	176	176	176	176	176	176	176	176	176	176	176	176	176	176	176	176	176	176	176	176	176	176	176	176	176	176	176	0	0	0	0	0	0	0	0	0	0	6	15	24	32	41	49	57	64	72	79	86	93	100	106	113	119	125	131	137	142	148	153	158	163	168	173	178	182	187	191	195	199	203	207	210	214	217	220	223	226	228	231	233	235	236	238	239	240	241	241	241	241	240	239	237	234	230	224	216	199	176	176	176	176	176	176	176	176	176	176	176	176	176	176	176	176	176	176	176	176	176	176	176	176	176	176	176	176	176	
176	176	176	176	176	176	176	176	176	176	176	176	176	176	176	176	176	176	176	176	176	176	176	176	176	176	176	176	176	0	0	0	0	0	0	0	0	0	0	4	13	22	31	39	47	55	63	70	78	85	92	98	105	111	118	124	130	135	141	147	152	157	162	167	172	177	181	186	190	194	198	202	206	209	212	216	219	222	224	227	229	231	233	235	237	238	239	239	240	240	239	238	236	234	231	227	220	211	176	176	176	176	176	176	176	176	176	176	176	176	176	176	176	176	176	176	176	176	176	176	176	176	176	176	176	176	176	176	
176	176	176	176	176	176	176	176	176	176	176	176	176	176	176	176	176	176	176	176	176	176	176	176	176	176	176	176	176	0	0	0	0	0	0	0	0	0	0	2	11	21	29	38	46	54	62	69	76	83	90	97	104	110	116	122	128	134	140	145	151	156	161	166	171	176	180	184	189	193	197	201	204	208	211	214	217	220	223	226	228	230	232	234	235	236	237	238	238	238	237	236	234	232	228	223	216	204	176	176	176	176	176	176	176	176	176	176	176	176	176	176	176	176	176	176	176	176	176	176	176	176	176	176	176	176	176	176	
176	176	176	176	176	176	176	176	176	176	176	176	176	176	176	176	176	176	176	176	176	176	176	176	176	176	176	176	176	176	0	0	0	0	0	0	0	0	0	0	9	19	27	36	44	52	60	67	75	82	89	96	102	109	115	121	127	133	139	144	149	155	160	165	170	174	179	183	188	192	196	199	203	207	210	213	216	219	222	224	227	229	230	232	234	235	235	236	236	236	235	234	232	229	225	220	211	194	176	176	176	176	176	176	176	176	176	176	176	176	176	176	176	176	176	176	176	176	176	176	176	176	176	176	176	176	176	176	
176	176	176	176	176	176	176	176	176	176	176	176	176	176	176	176	176	176	176	176	176	176	176	176	176	176	176	176	176	176	0	0	0	0	0	0	0	0	0	0	7	17	25	34	42	50	58	66	73	80	87	94	101	107	114	120	126	132	137	143	148	153	159	164	168	173	178	182	186	190	194	198	202	205	209	212	215	218	220	223	225	227	229	231	232	233	234	234	234	234	233	231	229	226	222	215	205	167	176	176	176	176	176	176	176	176	176	176	176	176	176	176	176	176	176	176	176	176	176	176	176	176	176	176	176	176	176	176	
176	176	176	176	176	176	176	176	176	176	176	176	176	176	176	176	176	176	176	176	176	176	176	176	176	176	176	176	176	176	0	0	0	0	0	0	0	0	0	0	5	14	23	32	40	48	56	64	71	79	86	93	99	106	112	118	124	130	136	142	147	152	157	162	167	172	176	181	185	189	193	197	201	204	208	211	214	217	219	222	224	226	228	229	230	231	232	232	232	232	231	229	227	223	218	210	197	176	176	176	176	176	176	176	176	176	176	176	176	176	176	176	176	176	176	176	176	176	176	176	176	176	176	176	176	176	176	176	
176	176	176	176	176	176	176	176	176	176	176	176	176	176	176	176	176	176	176	176	176	176	176	176	176	176	176	176	176	176	176	0	0	0	0	0	0	0	0	0	2	12	21	30	38	46	54	62	70	77	84	91	98	104	111	117	123	129	135	140	146	151	156	161	166	171	175	180	184	188	192	196	200	203	206	210	213	215	218	220	223	225	226	228	229	230	231	231	230	230	229	227	224	220	214	205	182	176	176	176	176	176	176	176	176	176	176	176	176	176	176	176	176	176	176	176	176	176	176	176	176	176	176	176	176	176	176	176	
176	176	176	176	176	176	176	176	176	176	176	176	176	176	176	176	176	176	176	176	176	176	176	176	176	176	176	176	176	176	176	0	0	0	0	0	0	0	0	0	0	9	19	27	36	44	52	60	68	75	82	89	96	103	109	115	122	128	133	139	144	150	155	160	165	170	174	179	183	187	191	195	199	202	205	209	212	214	217	219	221	223	225	227	228	228	229	229	229	228	226	224	221	216	209	197	176	176	176	176	176	176	176	176	176	176	176	176	176	176	176	176	176	176	176	176	176	176	176	176	176	176	176	176	176	176	176	176	
176	176	176	176	176	176	176	176	176	176	176	176	176	176	176	176	176	176	176	176	176	176	176	176	176	176	176	176	176	176	176	176	0	0	0	0	0	0	0	0	0	6	16	25	34	42	50	58	66	73	81	88	95	101	108	114	120	126	132	138	143	149	154	159	164	169	173	178	182	186	190	194	198	201	204	208	211	213	216	218	220	222	224	225	226	227	227	227	227	226	224	221	217	212	203	184	176	176	176	176	176	176	176	176	176	176	176	176	176	176	176	176	176	176	176	176	176	176	176	176	176	176	176	176	176	176	176	176	
176	176	176	176	176	176	176	176	176	176	176	176	176	176	176	176	176	176	176	176	176	176	176	176	176	176	176	176	176	176	176	176	0	0	0	0	0	0	0	0	0	4	13	22	31	40	48	56	64	71	79	86	93	100	106	113	119	125	131	137	142	148	153	158	163	168	172	177	181	185	189	193	197	200	204	207	210	212	215	217	219	221	223	224	225	226	226	226	225	224	221	218	214	207	196	176	176	176	176	176	176	176	176	176	176	176	176	176	176	176	176	176	176	176	176	176	176	176	176	176	176	176	176	176	176	176	176	176	
176	176	176	176	176	176	176	176	176	176	176	176	176	176	176	176	176	176	176	176	176	176	176	176	176	176	176	176	176	176	176	176	176	0	0	0	0	0	0	0	0	0	10	20	29	37	46	54	62	70	77	84	91	98	105	111	118	124	130	135	141	147	152	157	162	167	171	176	180	185	189	192	196	200	203	206	209	212	214	217	219	220	222	223	224	224	225	224	223	221	219	215	210	201	184	176	176	176	176	176	176	176	176	176	176	176	176	176	176	176	176	176	176	176	176	176	176	176	176	176	176	176	176	176	176	176	176	176	
176	176	176	176	176	176	176	176	176	176	176	176	176	176	176	176	176	176	176	176	176	176	176	176	176	176	176	176	176	176	176	176	176	0	0	0	0	0	0	0	0	0	7	17	26	35	43	52	60	68	75	82	90	97	103	110	116	122	128	134	140	146	151	156	161	166	171	175	180	184	188	192	196	199	202	206	208	211	214	216	218	220	221	222	223	223	223	223	221	219	216	212	205	194	176	176	176	176	176	176	176	176	176	176	176	176	176	176	176	176	176	176	176	176	176	176	176	176	176	176	176	176	176	176	176	176	176	176	
176	176	176	176	176	176	176	176	176	176	176	176	176	176	176	176	176	176	176	176	176	176	176	176	176	176	176	176	176	176	176	176	176	176	0	0	0	0	0	0	0	0	4	14	23	32	41	49	58	65	73	81	88	95	102	108	115	121	127	133	139	145	150	155	160	165	170	175	179	183	187	191	195	199	202	205	208	211	213	215	217	219	220	221	222	222	222	221	219	217	213	208	200	182	176	176	176	176	176	176	176	176	176	176	176	176	176	176	176	176	176	176	176	176	176	176	176	176	176	176	176	176	176	176	176	176	176	176	
176	176	176	176	176	176	176	176	176	176	176	176	176	176	176	176	176	176	176	176	176	176	176	176	176	176	176	176	176	176	176	176	176	176	0	0	0	0	0	0	0	0	0	10	20	29	38	47	55	63	71	79	86	93	100	107	114	120	126	132	138	144	149	155	160	165	170	174	179	183	187	191	195	198	202	205	208	210	213	215	217	218	220	221	221	221	221	220	218	215	210	204	192	176	176	176	176	176	176	176	176	176	176	176	176	176	176	176	176	176	176	176	176	176	176	176	176	176	176	176	176	176	176	176	176	176	176	176	
176	176	176	176	176	176	176	176	176	176	176	176	176	176	176	176	176	176	176	176	176	176	176	176	176	176	176	176	176	176	176	176	176	176	176	0	0	0	0	0	0	0	0	7	17	26	36	44	53	61	69	77	85	92	99	106	113	119	125	131	137	143	149	154	159	164	169	174	178	183	187	191	195	198	202	205	208	210	213	215	217	218	219	220	220	220	219	218	216	212	207	198	180	176	176	176	176	176	176	176	176	176	176	176	176	176	176	176	176	176	176	176	176	176	176	176	176	176	176	176	176	176	176	176	176	176	176	176	
176	176	176	176	176	176	176	176	176	176	176	176	176	176	176	176	176	176	176	176	176	176	176	176	176	176	176	176	176	176	176	176	176	176	176	0	0	0	0	0	0	0	0	3	13	23	33	42	51	59	67	75	83	90	98	105	111	118	124	131	137	143	148	154	159	164	169	174	178	183	187	191	195	198	202	205	208	210	213	215	216	218	219	220	220	219	218	216	214	209	203	191	176	176	176	176	176	176	176	176	176	176	176	176	176	176	176	176	176	176	176	176	176	176	176	176	176	176	176	176	176	176	176	176	176	176	176	176	
176	176	176	176	176	176	176	176	176	176	176	176	176	176	176	176	176	176	176	176	176	176	176	176	176	176	176	176	176	176	176	176	176	176	176	176	0	0	0	0	0	0	0	0	10	20	30	39	48	57	65	73	81	89	96	103	110	117	124	130	136	142	148	153	159	164	169	174	178	183	187	191	195	198	202	205	208	210	213	215	216	218	219	219	219	219	217	215	211	206	197	178	176	176	176	176	176	176	176	176	176	176	176	176	176	176	176	176	176	176	176	176	176	176	176	176	176	176	176	176	176	176	176	176	176	176	176	176	
176	176	176	176	176	176	176	176	176	176	176	176	176	176	176	176	176	176	176	176	176	176	176	176	176	176	176	176	176	176	176	176	176	176	176	176	0	0	0	0	0	0	0	0	6	17	27	36	45	54	63	71	79	87	95	102	109	116	123	129	135	142	147	153	159	164	169	174	179	183	187	191	195	199	202	205	208	211	213	215	217	218	219	219	219	218	216	213	209	202	190	176	176	176	176	176	176	176	176	176	176	176	176	176	176	176	176	176	176	176	176	176	176	176	176	176	176	176	176	176	176	176	176	176	176	176	176	176	
176	176	176	176	176	176	176	176	176	176	176	176	176	176	176	176	176	176	176	176	176	176	176	176	176	176	176	176	176	176	176	176	176	176	176	176	176	0	0	0	0	0	0	0	2	13	23	33	43	52	61	69	78	86	93	101	108	115	122	129	135	141	147	153	159	164	169	174	179	183	188	192	196	199	203	206	209	211	213	215	217	218	219	219	218	217	215	211	206	197	176	176	176	176	176	176	176	176	176	176	176	176	176	176	176	176	176	176	176	176	176	176	176	176	176	176	176	176	176	176	176	176	176	176	176	176	176	176	
176	176	176	176	176	176	176	176	176	176	176	176	176	176	176	176	176	176	176	176	176	176	176	176	176	176	176	176	176	176	176	176	176	176	176	176	176	0	0	0	0	0	0	0	0	9	20	30	40	49	59	67	76	84	92	100	107	114	121	128	135	141	147	153	159	164	169	174	179	184	188	192	196	200	203	207	209	212	214	216	217	218	219	219	218	216	213	209	202	189	176	176	176	176	176	176	176	176	176	176	176	176	176	176	176	176	176	176	176	176	176	176	176	176	176	176	176	176	176	176	176	176	176	176	176	176	176	176	
176	176	176	176	176	176	176	176	176	176	176	176	176	176	176	176	176	176	176	176	176	176	176	176	176	176	176	176	176	176	176	176	176	176	176	176	176	176	0	0	0	0	0	0	0	5	16	27	37	47	56	65	74	82	91	99	106	114	121	128	134	141	147	153	159	164	170	175	180	185	189	193	197	201	204	207	210	213	215	217	218	219	219	219	218	215	212	206	197	174	176	176	176	176	176	176	176	176	176	176	176	176	176	176	176	176	176	176	176	176	176	176	176	176	176	176	176	176	176	176	176	176	176	176	176	176	176	176	
176	176	176	176	176	176	176	176	176	176	176	176	176	176	176	176	176	176	176	176	176	176	176	176	176	176	176	176	176	176	176	176	176	176	176	176	176	176	0	0	0	0	0	0	0	1	12	23	34	44	54	63	72	81	89	97	105	113	120	127	134	141	147	153	159	165	170	176	181	185	190	194	198	202	205	208	211	214	216	217	219	219	219	219	217	214	210	203	190	176	176	176	176	176	176	176	176	176	176	176	176	176	176	176	176	176	176	176	176	176	176	176	176	176	176	176	176	176	176	176	176	176	176	176	176	176	176	176	
176	176	176	176	176	176	176	176	176	176	176	176	176	176	176	176	176	176	176	176	176	176	176	176	176	176	176	176	176	176	176	176	176	176	176	176	176	176	176	0	0	0	0	0	0	0	8	20	31	41	51	61	70	79	88	96	104	112	120	127	134	141	147	154	160	166	171	176	182	186	191	195	199	203	207	210	212	215	217	218	219	220	220	219	217	213	208	198	174	176	176	176	176	176	176	176	176	176	176	176	176	176	176	176	176	176	176	176	176	176	176	176	176	176	176	176	176	176	176	176	176	176	176	176	176	176	176	176	
176	176	176	176	176	176	176	176	176	176	176	176	176	176	176	176	176	176	176	176	176	176	176	176	176	176	176	176	176	176	176	176	176	176	176	176	176	176	176	0	0	0	0	0	0	0	4	16	28	38	49	59	68	78	87	95	103	111	119	127	134	141	148	154	160	166	172	177	183	188	192	197	201	204	208	211	214	216	218	220	220	221	220	219	216	212	205	191	176	176	176	176	176	176	176	176	176	176	176	176	176	176	176	176	176	176	176	176	176	176	176	176	176	176	176	176	176	176	176	176	176	176	176	176	176	176	176	176	
176	176	176	176	176	176	176	176	176	176	176	176	176	176	176	176	176	176	176	176	176	176	176	176	176	176	176	176	176	176	176	176	176	176	176	176	176	176	176	176	0	0	0	0	0	0	0	12	24	35	46	56	66	76	85	94	103	111	119	127	134	141	148	155	161	167	173	178	184	189	194	198	202	206	209	213	215	218	219	221	221	222	221	219	216	210	201	177	176	176	176	176	176	176	176	176	176	176	176	176	176	176	176	176	176	176	176	176	176	176	176	176	176	176	176	176	176	176	176	176	176	176	176	176	176	176	176	176	
176	176	176	176	176	176	176	176	176	176	176	176	176	176	176	176	176	176	176	176	176	176	176	176	176	176	176	176	176	176	176	176	176	176	176	176	176	176	176	176	0	0	0	0	0	0	0	8	20	32	43	54	64	74	84	93	102	110	118	126	134	141	148	155	162	168	174	180	185	190	195	200	204	208	211	214	217	219	221	222	223	222	221	219	215	208	195	176	176	176	176	176	176	176	176	176	176	176	176	176	176	176	176	176	176	176	176	176	176	176	176	176	176	176	176	176	176	176	176	176	176	176	176	176	176	176	176	176	
176	176	176	176	176	176	176	176	176	176	176	176	176	176	176	176	176	176	176	176	176	176	176	176	176	176	176	176	176	176	176	176	176	176	176	176	176	176	176	176	176	0	0	0	0	0	0	4	17	29	41	52	62	73	82	92	101	110	118	126	134	142	149	156	163	169	175	181	187	192	197	201	205	209	213	216	219	221	222	224	224	223	222	219	214	205	182	176	176	176	176	176	176	176	176	176	176	176	176	176	176	176	176	176	176	176	176	176	176	176	176	176	176	176	176	176	176	176	176	176	176	176	176	176	176	176	176	176	
176	176	176	176	176	176	176	176	176	176	176	176	176	176	176	176	176	176	176	176	176	176	176	176	176	176	176	176	176	176	176	176	176	176	176	176	176	176	176	176	176	0	0	0	0	0	0	0	13	26	38	49	60	71	81	91	100	109	118	126	134	142	150	157	164	170	176	182	188	193	198	203	207	211	215	218	221	223	224	225	225	224	222	218	212	200	176	176	176	176	176	176	176	176	176	176	176	176	176	176	176	176	176	176	176	176	176	176	176	176	176	176	176	176	176	176	176	176	176	176	176	176	176	176	176	176	176	176	
176	176	176	176	176	176	176	176	176	176	176	176	176	176	176	176	176	176	176	176	176	176	176	176	176	176	176	176	176	176	176	176	176	176	176	176	176	176	176	176	176	176	0	0	0	0	0	0	9	22	35	47	58	69	80	90	99	109	118	126	135	143	150	158	165	171	178	184	190	195	200	205	209	213	217	220	223	225	226	227	226	225	222	218	209	191	176	176	176	176	176	176	176	176	176	176	176	176	176	176	176	176	176	176	176	176	176	176	176	176	176	176	176	176	176	176	176	176	176	176	176	176	176	176	176	176	176	176	
176	176	176	176	176	176	176	176	176	176	176	176	176	176	176	176	176	176	176	176	176	176	176	176	176	176	176	176	176	176	176	176	176	176	176	176	176	176	176	176	176	176	0	0	0	0	0	0	5	18	32	44	56	67	78	89	99	108	117	126	135	143	151	159	166	173	179	186	191	197	202	207	211	215	219	222	225	226	228	228	228	226	223	217	206	154	176	176	176	176	176	176	176	176	176	176	176	176	176	176	176	176	176	176	176	176	176	176	176	176	176	176	176	176	176	176	176	176	176	176	176	176	176	176	176	176	176	176	
176	176	176	176	176	176	176	176	176	176	176	176	176	176	176	176	176	176	176	176	176	176	176	176	176	176	176	176	176	176	176	176	176	176	176	176	176	176	176	176	176	176	0	0	0	0	0	0	0	15	28	41	54	65	77	87	98	108	117	126	135	144	152	160	167	174	181	187	193	199	204	209	214	218	221	224	227	229	230	230	229	227	223	215	200	176	176	176	176	176	176	176	176	176	176	176	176	176	176	176	176	176	176	176	176	176	176	176	176	176	176	176	176	176	176	176	176	176	176	176	176	176	176	176	176	176	176	176	
176	176	176	176	176	176	176	176	176	176	176	176	176	176	176	176	176	176	176	176	176	176	176	176	176	176	176	176	176	176	176	176	176	176	176	176	176	176	176	176	176	176	176	0	0	0	0	0	0	11	25	39	51	64	75	86	97	107	117	127	136	144	153	161	168	176	182	189	195	201	206	211	216	220	223	226	229	231	231	231	230	227	222	213	189	176	176	176	176	176	176	176	176	176	176	176	176	176	176	176	176	176	176	176	176	176	176	176	176	176	176	176	176	176	176	176	176	176	176	176	176	176	176	176	176	176	176	176	
176	176	176	176	176	176	176	176	176	176	176	176	176	176	176	176	176	176	176	176	176	176	176	176	176	176	176	176	176	176	176	176	176	176	176	176	176	176	176	176	176	176	176	0	0	0	0	0	0	7	22	36	49	62	74	85	96	107	117	127	136	145	154	162	170	177	184	191	197	203	208	213	218	222	226	229	231	233	233	233	231	228	222	210	176	176	176	176	176	176	176	176	176	176	176	176	176	176	176	176	176	176	176	176	176	176	176	176	176	176	176	176	176	176	176	176	176	176	176	176	176	176	176	176	176	176	176	176	
176	176	176	176	176	176	176	176	176	176	176	176	176	176	176	176	176	176	176	176	176	176	176	176	176	176	176	176	176	176	176	176	176	176	176	176	176	176	176	176	176	176	176	176	0	0	0	0	0	3	19	33	47	60	72	84	96	106	117	127	136	146	154	163	171	178	186	193	199	205	211	216	220	224	228	231	233	235	235	235	233	228	221	206	176	176	176	176	176	176	176	176	176	176	176	176	176	176	176	176	176	176	176	176	176	176	176	176	176	176	176	176	176	176	176	176	176	176	176	176	176	176	176	176	176	176	176	176	
176	176	176	176	176	176	176	176	176	176	176	176	176	176	176	176	176	176	176	176	176	176	176	176	176	176	176	176	176	176	176	176	176	176	176	176	176	176	176	176	176	176	176	176	0	0	0	0	0	0	16	31	45	58	71	83	95	106	117	127	137	146	155	164	172	180	187	194	201	207	213	218	222	227	230	233	235	237	237	236	234	229	220	197	176	176	176	176	176	176	176	176	176	176	176	176	176	176	176	176	176	176	176	176	176	176	176	176	176	176	176	176	176	176	176	176	176	176	176	176	176	176	176	176	176	176	176	176	
176	176	176	176	176	176	176	176	176	176	176	176	176	176	176	176	176	176	176	176	176	176	176	176	176	176	176	176	176	176	176	176	176	176	176	176	176	176	176	176	176	176	176	176	0	0	0	0	0	0	12	28	42	56	70	82	94	106	117	127	137	147	156	165	173	181	189	196	203	209	215	220	225	229	232	235	237	238	239	237	234	229	218	176	176	176	176	176	176	176	176	176	176	176	176	176	176	176	176	176	176	176	176	176	176	176	176	176	176	176	176	176	176	176	176	176	176	176	176	176	176	176	176	176	176	176	176	176	
176	176	176	176	176	176	176	176	176	176	176	176	176	176	176	176	176	176	176	176	176	176	176	176	176	176	176	176	176	176	176	176	176	176	176	176	176	176	176	176	176	176	176	176	176	0	0	0	0	0	9	25	40	55	68	81	93	105	117	127	138	148	157	166	175	183	190	198	204	211	217	222	227	231	234	237	239	240	240	239	235	229	216	176	176	176	176	176	176	176	176	176	176	176	176	176	176	176	176	176	176	176	176	176	176	176	176	176	176	176	176	176	176	176	176	176	176	176	176	176	176	176	176	176	176	176	176	176	
176	176	176	176	176	176	176	176	176	176	176	176	176	176	176	176	176	176	176	176	176	176	176	176	176	176	176	176	176	176	176	176	176	176	176	176	176	176	176	176	176	176	176	176	176	0	0	0	0	0	6	23	38	53	67	80	93	105	116	128	138	148	158	167	176	184	192	199	206	213	218	224	229	233	236	239	241	242	242	240	236	228	213	176	176	176	176	176	176	176	176	176	176	176	176	176	176	176	176	176	176	176	176	176	176	176	176	176	176	176	176	176	176	176	176	176	176	176	176	176	176	176	176	176	176	176	176	176	
176	176	176	176	176	176	176	176	176	176	176	176	176	176	176	176	176	176	176	176	176	176	176	176	176	176	176	176	176	176	176	176	176	176	176	176	176	176	176	176	176	176	176	176	176	0	0	0	0	0	3	20	36	51	66	79	92	105	116	128	138	149	159	168	177	185	193	201	208	214	220	226	230	235	238	241	243	244	243	241	236	228	207	176	176	176	176	176	176	176	176	176	176	176	176	176	176	176	176	176	176	176	176	176	176	176	176	176	176	176	176	176	176	176	176	176	176	176	176	176	176	176	176	176	176	176	176	176	
176	176	176	176	176	176	176	176	176	176	176	176	176	176	176	176	176	176	176	176	176	176	176	176	176	176	176	176	176	176	176	176	176	176	176	176	176	176	176	176	176	176	176	176	176	0	0	0	0	0	3	20	36	51	66	79	92	105	116	128	138	149	159	168	177	185	193	201	208	214	220	226	230	235	238	241	243	244	243	241	236	228	207	176	176	176	176	176	176	176	176	176	176	176	176	176	176	176	176	176	176	176	176	176	176	176	176	176	176	176	176	176	176	176	176	176	176	176	176	176	176	176	176	176	176	176	176	176	
